-0.00808321762752368,0.00775264332910821,-0.0078993401924368,0.00757628286200525,-0.00770805622257881,0.00739282192895529,0,0,0,0
-165.070258009183,0.0408137033058864,-161.315124372419,0.0398370454247239,-157.408731226767,0.0389030402486873,0,0,0.3175,0
164.192419401228,710.82427313888,160.457624584434,694.655338431075,156.572289855634,677.834722237831,0.15937,0.36562,0.12813,0.55312
-7.46048104668114,949.14242288576,-7.29076572689397,927.552385456081,-7.11432819586564,905.092297093565,0.87187,0.99687,-1.0844,1.0719
956.977901050532,-112.474320764483,935.209446517964,-109.915645259103,912.564089565028,-107.25433038887,1.1969,-1.0531,0.27188,0.85938
164.292424538085,225.139259659831,160.555077079644,220.017885709001,156.667155462511,214.690050106091,0.54688,1.0656,-0.74063,-1.2156
954.630187963532,-132.637855619725,932.915135144569,-129.62054692901,910.325335319834,-126.482113765215,0.49687,-0.39687,1.1531,0.084375
946.376724027072,-182.259187229991,924.849397916496,-178.113187765299,902.454893229013,-173.800573317773,1.0281,0.59688,0.37188,-1.0719
871.198380942538,-489.315155711075,851.381136584916,-478.1845521199,830.765641030912,-466.605827003494,1.2156,-0.25937,0.54688,-0.76563
258.533030712381,585.801169969223,252.652220982871,572.476188996215,246.534438800252,558.614091435605,0.60313,-0.20938,-0.29063,1.0781
-25.1678598494215,965.677933276606,-24.5952529872202,943.711745079424,-23.9996997170483,920.860358550075,-0.71562,0.69688,0.81563,0.95313
42.1994202866158,62.9772418284808,41.2395571946363,61.5448511444945,40.2410177525166,60.0547106067687,0.52812,1.1031,-0.40938,-0.81563
-671.469742440889,729.764666667088,-656.195713999609,713.164633050271,-640.30648020373,695.895961217576,-1.2031,0.34062,0.20313,0.85313
-926.237807426652,-171.590075994474,-905.168614482419,-167.687246593247,-883.250655189496,-163.626674585381,-0.79688,0.14063,-0.49062,-0.55937
99.1400471271796,-245.20634685138,96.8851000595992,-239.628782526511,94.5393360571207,-233.826490280941,-0.028125,-1.2094,0.52188,0.71562
-58.2200531044765,-897.262720123714,-56.8957655887658,-876.852806137978,-55.5180226849582,-855.620364942494,-0.37188,-0.74063,0.34062,-0.38438
-837.399153710607,543.794457395986,-818.350749661894,531.424610016984,-798.535075257344,518.556682731582,-0.65312,1.1281,-1.1344,-0.046875
-563.946192955513,-810.279583969827,-551.118139914937,-791.8483885883,-537.77322692268,-772.674151891339,-0.15313,-0.30938,-0.73438,-0.95313
958.136154647061,59.4756331363012,936.341363367468,58.1230649235384,913.668594876071,56.7155116248221,1.2469,-0.50937,0.53438,0.83438
-215.398803927225,942.58131473514,-210.499097729702,921.140455740569,-205.402125433269,898.835656895441,-0.24062,0.88438,-0.22812,0.59688
545.578732959945,-838.994075869827,533.168374785732,-819.909426712404,520.25818301961,-800.055952650665,0.053125,-0.39063,1.0094,-1.1906
-954.012995026534,44.8746212392458,-932.311992789332,43.8536510910871,-909.736798348604,42.7920082209902,-0.45937,-0.034375,-1.1656,0.20938
-690.959674200811,672.723315211762,-675.242302305214,657.420798830333,-658.891859210279,641.501951110046,-0.53438,-0.084375,-0.36562,1.1094
449.274891817933,865.724614512244,439.055286808041,846.03218300665,428.42389553403,825.545943666224,0.12813,0.25938,0.57813,1.0344
-122.20852190817,14.2791664497533,-119.428639678875,13.9540756642836,-116.536775724829,13.6159549605189,-1.0719,-0.66562,0.94687,0.24062
-704.552481053995,714.607488024174,-688.525921327337,698.352220170505,-671.853839161781,681.44222658137,-1.2344,0.52187,0.046875,0.75937
-174.414334356403,-58.4211587109265,-170.446782785952,-57.0919923023614,-166.319401934153,-55.7091885590076,-1.1156,-0.37813,1.2219,0.89063
0.22576097174292,-671.563683312883,0.22056211258121,-656.287785577511,0.215236298009794,-640.396275156417,0.10938,-1.0031,-0.14688,0.11563
-893.063931348356,-441.751923308648,-872.749364760716,-431.703706349477,-851.616400747868,-421.250110259673,-1.0094,0.37187,-0.57813,-1.2406
111.991280471409,-942.618784736968,109.443773789146,-921.177106230046,106.793759008773,-898.871399348954,0.27188,-0.75937,-0.021875,-0.62813
-721.565669074472,-653.292360791081,-705.152231155986,-638.432167165103,-688.077515479637,-622.972767273864,-0.22188,-0.71562,-0.86562,-0.17812
-692.905453163533,607.646704510616,-677.143876093963,593.824445950602,-660.747439601314,579.44550477456,-0.10312,0.93437,-0.87813,-0.19063
-622.314853063545,774.902577718053,-608.15897145925,757.275809847357,-593.432929481669,738.939005492972,-0.88437,0.85938,-0.56563,0.98438
864.131084224052,-485.141821725945,844.474580471946,-474.106161924342,824.026307118648,-462.626204967524,0.60938,0.19687,0.69688,-1.0406
-109.362254656967,-640.084353181993,-106.874615309074,-625.52455251609,-104.286687172202,-610.377946400518,-0.39687,-0.48438,0.30938,-0.39687
557.206140935729,-821.105100987699,544.531311565241,-802.427346898781,531.345989116203,-782.997177314403,-0.20313,-0.42188,1.1594,-0.80937
119.262570395935,-877.449061934729,116.549727604401,-857.48979723039,113.727705260735,-836.726257222,-0.35938,-0.45313,0.72187,-0.64063
372.004947314201,915.669921350609,363.543019897198,894.84136977441,354.740098078469,873.173266980401,0.53438,1.2156,0.22188,0.59062
-3.69040790431157,57.1677708132877,-3.60623865458179,55.8675614393294,-3.51869474232788,54.5149491945513,0.47812,0.92188,-0.090625,-0.54688
172.094748784951,-924.295947648667,168.18005701307,-903.271042708914,164.107779166468,-881.398941773286,0.80313,-0.64688,-0.50937,-0.65938
694.151616354813,-706.407224218286,678.361666836818,-690.338492143487,661.935722648097,-673.622549436766,1.0094,-0.84063,0.67813,-0.90312
-158.803912390303,-932.395739230717,-155.191739432652,-911.186654984256,-151.43393811034,-889.122793376226,0.59688,-0.60312,-1.0344,-0.70313
-98.4087480385308,-173.129888886202,-96.1705274944581,-169.19177969463,-93.8421110461334,-165.094919670869,0.37813,-1.0781,-0.99687,0.84063
323.742984324486,-908.412031905656,316.378764778836,-887.748388300142,308.717997491791,-866.252180826819,-0.053125,-0.99063,0.64063,-0.32813
-821.836727432988,572.15104980797,-803.142314579731,559.136188518901,-783.694893569289,545.597248797217,-1.2406,0.70313,-0.32187,0.38438
828.202820648093,562.061901537409,809.363662095866,549.276975211573,789.765526959043,535.976422602166,1.1781,-0.053125,0.22813,1.0969
-698.520891141065,-672.304221823012,-682.631647309716,-657.011572554036,-666.102245304501,-641.102295245415,-0.52188,-0.72812,-0.48438,-0.20938
-46.3780600856242,-66.8168926790099,-45.3233288964362,-65.2968951391038,-44.2260916745884,-63.7156259177278,-1.0219,-0.071875,0.59062,0.23438
-832.897388554065,535.482996408088,-813.951359782177,523.302244100258,-794.242180524413,510.631025020769,-0.92813,-0.29062,-0.30313,1.1969
947.59091548071,-200.849061592315,926.03597694819,-196.280179889221,903.61274969591,-191.527643431294,0.96562,-0.12813,0.60938,-0.34687
-198.595445417104,-8.25699599600567,-194.07785293879,-8.06933818504134,-189.378278977332,-7.87401493167832,-1.1844,-0.57187,1.2281,0.37813
-657.406567444087,505.045788019276,-642.452520326917,493.557399213238,-626.896129393277,481.606367306872,0.16562,1.0594,-1.0906,-0.46563
-730.927186432873,643.943591205391,-714.300674234601,629.295714387525,-697.004464569004,614.057900797028,-0.95313,-0.009375,-0.034375,1.0031
-941.422571093033,82.2457840439637,-920.007969398284,80.3747120028033,-897.730714535322,78.4287031525014,-0.92188,0.67188,-1.0406,-0.51563
811.821215343976,-8.20527097827122,793.354697172438,-8.01848862886904,774.144281250129,-7.82457846685862,0.37187,0.35312,0.62188,-0.52187
513.110358558667,727.735610436522,501.438695865828,711.182030738469,489.296761205313,693.961104647118,-0.30312,-0.11563,1.0406,1.0656
-921.960803286827,-291.058360154558,-900.988929895932,-284.437955833411,-879.172186368787,-277.550298641153,-0.90937,-0.59062,-1.0719,-0.034375
916.257352179634,-276.574743455402,895.41515447562,-270.283350771218,873.733388485758,-263.738871802382,1.1906,0.20313,0.084375,-0.74063
747.786959215552,-667.467410125568,730.776937655078,-652.284428993045,713.081769365975,-636.48995264147,1.0594,-0.046875,0.15937,-1.1594
458.518973548938,144.098782191184,448.089185827812,140.821064424464,437.239224354287,137.411031635172,0.28438,0.91562,0.50937,-0.84062
22.7778342943222,48.3015845303099,22.2599536788844,47.2029789873842,21.7211948183462,46.0600853932339,0.92812,0.72813,-0.47812,-0.50312
671.621590398088,737.246338905754,656.344221125273,720.476467755421,640.451334097511,703.030452486191,1.1469,0.48438,0.28438,1.1781
-876.457308795825,465.763055733594,-856.520434339115,455.168191082089,-835.780485283829,444.146797628884,-0.67188,0.078125,-0.75313,0.72812
649.300753925549,727.61444538923,634.531124023106,711.063646375522,619.166430083538,693.845548478232,0.50937,0.62813,0.43437,0.42188
-123.879884998476,956.348511052154,-121.061924952286,934.594516872837,-118.130563811753,911.963917747631,-0.75312,0.57188,0.54063,0.91562
555.935974556927,-795.360630994814,543.290010771999,-777.268513047602,530.134717435529,-758.447574716647,0.84688,-0.92188,-0.059375,-0.23438
-939.561914934972,89.9863065188657,-918.189625586879,87.9392326236275,-895.956387319382,85.8101258583357,-0.43437,-0.21563,-0.88438,0.54688
-705.136625903243,-699.622141739284,-689.096889755838,-683.708094882485,-672.410924921309,-667.152378564178,-0.94687,-1.0406,-0.16562,-0.053125
-161.690147718685,17.6425724313,-158.012276113398,17.2415063312641,-154.186242906616,16.8243459737565,-0.59062,-0.29688,0.25312,0.84687
52.9582145916081,26.770084667299,51.7537218836908,26.1613976993088,50.5006984243468,25.5281451878496,0.71562,0.60313,-0.39687,-0.15937
531.077590445371,841.462983009626,518.997209226535,822.32246286814,506.430079759731,802.410331793048,0.35938,0.97813,0.85938,0.94687
-326.094278755812,-906.26534890632,-318.676711387644,-885.650699781197,-310.96022138553,-864.205134004462,0.35312,-0.10312,-0.96562,-1.2219
85.0348208562512,954.363725484015,83.1005630240471,932.654933541151,81.0882718699734,910.071252980521,0.65313,0.10938,-0.62813,1.2406
809.278746699518,-591.151851089357,790.869994325178,-577.70477819684,771.719740835063,-563.716203769955,0.43438,-0.50313,1.1031,-0.58438
654.861662730361,-750.715557326141,639.965426611913,-733.638960690635,624.469211804869,-715.874516007151,1.0469,-0.62812,0.41562,-1.1219
669.821726734045,-414.347078608321,654.585247756303,-404.921877980385,638.735030873716,-395.117178512108,0.14688,0.20938,0.68438,-0.85938
762.163644410336,-138.683580773333,744.826702131951,-135.528789283093,726.791377166739,-132.247239800588,0.14063,-0.14687,0.83438,-0.059375
65.7542542236066,961.089141472601,64.258582474171,939.227363605674,62.7025440587966,916.484545725964,1.1719,0.75313,-1.1469,1.0156
-225.492127933771,-936.53997120438,-220.36295742927,-915.236648548581,-215.027047476257,-893.074713629274,-0.32188,-1.0656,-0.17188,-0.56563
931.70269020767,315.588286866841,910.509201544375,308.409917631595,888.461920505899,300.941804837478,1.0906,-0.059375,0.62812,0.73438
171.974702572845,211.480503035214,168.062681891048,206.669742928185,163.993051157032,201.66504094271,0.85313,0.53438,-0.90938,-0.83437
-86.7016966072402,946.641983417165,-84.7294178188871,925.108792365731,-82.6778042775569,902.707877488668,-0.47187,0.67812,0.36563,0.60938
-366.57774524281,-914.213053506132,-358.239274661531,-893.417641818218,-349.564786046284,-871.784009103902,-0.090625,-1.0969,-0.64687,-0.63438
806.735073884074,-562.105139456312,788.384194001098,-549.318806063594,769.294140883249,-536.017595623963,1.2344,-0.49063,0.89688,-1.0094
957.815040680076,103.818394840395,936.027546961922,101.457179697882,913.362363388768,99.0003339924245,0.57813,-0.53438,0.89063,0.93438
-5.06726040673646,-179.509818932471,-4.95187650505509,-175.426394800197,-4.83182793686865,-171.178413561515,0.29063,-0.40937,-0.065625,0.49063
513.733399890731,158.227519133672,502.047565234653,154.62862721193,489.890957740843,150.884440699883,0.93437,-0.67813,-0.23438,1.1656
891.975554180602,410.042330062228,871.685768139346,400.715402065543,850.57857752356,391.012166752213,1.0656,-0.19063,1.1406,1.2281
-874.795690096279,11.2025571107134,-854.896673489912,10.947518023095,-834.196050827568,10.6826346320697,0.11563,-0.028125,-1.2281,0.065625
17.9380473693183,-241.18033613647,17.5300336579431,-235.694016081369,17.1056113053104,-229.986618349456,0.31562,-0.90312,-0.22188,1.0594
-453.222610647916,87.5089391210831,-442.913281001326,85.5183090474846,-432.188656132722,83.4476805411017,-0.78437,0.22812,0.021875,-0.065625
66.9092245565529,961.548796948518,65.3873587341012,939.676559579818,63.8040673702316,916.922857573514,-0.059375,0.62188,0.33438,1.0219
-932.330032908892,-270.639359621635,-911.122276178145,-264.483448846164,-889.060154755449,-258.078996171822,-0.75937,0.52812,-1.1156,-1.1781
-358.536335305551,-914.23483959138,-350.380784140248,-893.438935087093,-341.896583892309,-871.80479189359,0.12187,-0.97188,-0.90312,-0.92812
965.304026436029,0.684601006178803,943.346183017549,0.669316519847263,920.50379601927,0.652936941319209,1.2281,-0.52813,0.40937,0.65312
388.824203607353,-840.393478004419,379.979554322819,-821.27704934196,370.778712995407,-801.390441149517,1.2406,-0.84687,-0.69688,-0.30313
222.644965327384,63.518926290763,217.580271114979,62.0740824995694,212.311551778741,60.5709037116056,0.85938,0.26563,-0.97188,-0.29063
-447.195892922684,-130.61701950367,-437.023679251815,-127.645991209438,-426.441666727565,-124.555012560548,0.34062,-0.34688,-1.1531,0.22813
-951.792518478485,73.6372535725791,-930.142021090552,71.9619534258348,-907.619368238532,70.2196129586318,-0.54688,1.1719,-0.85313,-1.1719
596.154393271128,-795.635488552885,582.593572900925,-777.537101862063,568.486574519665,-758.709665820493,0.89063,-0.99688,0.059375,-0.30938
860.870927116028,-512.698797850848,841.288594409755,-501.036296077846,820.917475967026,-488.90422648755,0.61563,0.040625,0.96563,-1.0531
-100.913020486513,5.54367695974326,-98.6172865135008,5.41777977153541,-96.2290831356202,5.2868495541785,-0.32813,-0.065625,0.71562,0.50313
31.683704667164,-318.944252088644,30.9627795909588,-311.689413108264,30.2128595636974,-304.142221392721,0.59063,-0.65312,-0.92812,0.028125
-347.641239263671,-430.833833053003,-339.733563615467,-421.033890144499,-331.507281550109,-410.838839122113,0.51563,0.35938,-1.1281,-1.0281
915.990247252724,-327.747725129263,895.154122339531,-320.292283444747,873.478681004033,-312.536846207434,0.90312,-0.31562,0.48438,-0.26563
-23.5698991774813,70.8773059159284,-23.033580559707,69.2651319844967,-22.4756725914803,67.5879976837235,0.25938,0.38438,0.009375,-0.19687
-730.455121614599,577.019341280165,-713.839375241717,563.893778563084,-696.554353477974,550.239630732953,-0.98438,0.44688,0.034375,0.34688
-792.947974774949,-611.543585044864,-774.910772380564,-597.63308496765,-756.146895091169,-583.161613207808,-0.96563,-0.37188,-0.41563,-0.72188
-20.164244233456,-557.470349146594,-19.7056679210574,-544.789763271034,-19.2285477144626,-531.598144408309,0.23438,0.15937,-0.39063,-1.0156
344.297095457355,728.477704428401,336.465487888462,711.90720372528,328.31830029298,694.668754157327,-0.42813,0.97188,1.0219,-0.10312
407.821089341982,868.698574187284,398.544439375372,848.938486088911,388.893983531366,828.381886586194,0.68437,0.64063,-0.078125,0.60312
-345.554606831905,-683.594096650218,-337.694346346891,-668.044599821814,-329.517361736893,-651.868298567982,-1.1531,-1.1469,0.67188,0.25312
-858.948312737551,256.614731849392,-839.409734073313,250.777406757256,-819.08410337181,244.705265968888,-0.28438,-0.52188,-0.79688,1.0406
-66.8458990214669,-855.154461090491,-65.3255130720161,-835.702381515207,-63.7437716446781,-815.466369228513,0.76563,-0.42813,-1.0781,-0.62188
85.1506743561618,171.766368898593,83.2138687499418,167.858970464712,81.1990153370307,163.794076478233,0.97813,0.39687,-0.72188,-0.70937
-30.9934226742051,71.5632240334762,-30.288372975102,69.9356342458307,-29.5549311793956,68.2424590096973,-0.12813,1.1844,0.17188,-0.66562
839.352843114112,422.900174197747,820.260045925426,413.280777854093,800.398067391094,403.273309505469,0.62813,-0.15313,0.45937,0.82813
768.583781570448,602.18299777999,751.100823898193,588.485421519822,732.913510374429,574.235463687187,1.0719,1.1531,1.1156,0.54063
-20.9219119916589,965.901598376788,-20.4460107967906,943.930325700451,-19.9510533689504,921.073640268799,0.89688,0.56563,-1.1719,0.99063
152.133207521772,942.405766722545,148.672707813254,920.968998872893,145.07268949736,898.66827516203,1.1094,0.77187,-0.85938,0.57813
-305.680228799198,124.710197269451,-298.727047564052,121.87352467663,-291.49377179557,118.922681640716,-0.45313,0.084375,-0.13438,0.36563
-751.253923029966,-591.697723516641,-734.165151444642,-578.238640195732,-716.387906101551,-564.236797406527,-0.66562,-0.65938,-0.38438,-0.14688
-947.650844987161,-82.7533706895436,-926.094577272258,-80.8712532966265,-903.669928398764,-78.9128175711085,-0.73438,-0.32813,-1.0594,0.13437
676.058641122811,731.741227256763,660.680345420394,715.096579548773,644.682469518975,697.780833335757,0.66562,0.42188,0.82187,1.2344
-609.417367298659,795.394176600746,-595.554853343409,777.301289566762,-581.134001746447,758.479574771529,-0.99063,0.50312,-0.20938,1.1594
-33.3326437292861,230.212481722914,-32.5742931798485,224.976071220852,-31.7854257286239,219.528646576273,-0.23438,1.0281,0.42188,-0.40938
962.968910686401,42.6623633769408,941.064186142777,41.6921494270057,918.277050643794,40.6823613207667,1.2219,0.82813,0.19063,-0.84688
-552.021995276477,-690.737937229396,-539.465227001394,-675.025924569813,-526.402539459948,-658.68045577018,0.41563,-0.55937,-1.2469,-0.24687
146.309214282051,883.07182788314,142.981244248888,862.984730910747,139.519099524312,842.088065051153,-0.046875,1.0031,0.39687,0.096875
-308.706594493029,-914.30851249685,-301.684521680906,-893.510926930428,-294.379459651159,-871.875062698933,-0.29688,-0.98438,-0.40312,-1.1469
-200.700833153639,878.299333782854,-196.135489357432,858.320703598304,-191.386341882478,837.53705444365,0.15313,0.17188,-0.58438,0.95938
-366.841288785115,910.972930059133,-358.496684846793,890.251041411949,-349.816039611265,868.694256201412,-0.74687,1.0219,-0.053125,1.0281
945.958115571065,-80.0562075784074,924.44033087632,-78.2349639461036,902.055742060199,-76.3407934829121,0.94063,-0.17188,0.34688,-0.015625
-226.06974021442,-933.255366878773,-220.92741541141,-912.026764305411,-215.577822940316,-889.942553987714,-1.2156,-0.80313,0.79062,-0.73438
-526.548520438892,668.543564667768,-514.571055422583,653.33618798921,-502.11117559229,637.516220465202,-0.82813,0.31562,0.17813,0.58438
-379.147008061409,-170.103184208946,-370.52273328896,-166.23395097921,-361.551009789125,-162.208602936566,0.42188,-0.69063,-1.1969,0.53438
160.170375902207,-455.188889572054,156.527109285263,-444.834814948453,152.73712741062,-434.063558025849,-0.26563,-0.54063,0.76563,-0.11563
90.7857245545381,-847.968442276642,88.7205174675445,-828.679800894756,86.5722209906577,-808.613885424534,0.55312,-0.23438,-0.54063,-0.82187
872.636535122355,479.251259536328,852.786648107719,468.350029655457,832.137080480508,457.009058172352,1.0344,0.27188,0.84687,0.77813
281.368669429621,897.310069007831,274.968473380885,876.899121067254,268.3103440742,855.665493774624,-0.015625,0.22188,0.52813,1.0094
-376.849151015867,-376.132026979797,-368.277018603041,-367.576442050583,-359.35951854225,-358.675881806129,-0.79062,0.17812,0.29062,-0.88438
-577.673447313262,803.181380851547,-564.533008206932,784.911363031124,-550.863321493395,765.905367557394,-0.60938,0.19063,-0.25313,1.1156
-923.433548549027,-169.774273693882,-902.428166019028,-165.912734995591,-880.576588364469,-161.895121412247,-1.1469,0.71562,-1.1219,-1.2469
960.928980635504,-48.5500589498721,939.070654567331,-47.445478830774,916.331802825978,-46.296859587479,0.46563,-0.021875,1.2406,-0.15313
290.528624818025,126.226486679878,283.920176369692,123.355197337944,277.045492701881,120.368059088906,0.24687,1.1406,0.45313,-1.2094
215.247871351863,-498.71381009792,210.351590049257,-487.369713527351,205.258128590759,-475.56855718761,0.91562,-0.14063,-0.67812,-0.67188
-248.47573174181,944.94836082811,-242.823629035184,923.453648820363,-236.943951209911,901.092842714452,0.45938,1.0969,-1.0469,0.55937
-400.626835963104,-271.896389873488,-391.513931450003,-265.711743954629,-382.033886371819,-259.277662415706,-0.084375,-0.89063,-0.65313,0.51563
509.531992114766,-858.849032984172,497.941599219377,-839.312742278171,485.884406402506,-818.989416025894,-0.078125,-0.86562,1.0156,-0.59688
100.398773758718,106.53379995101,98.1150567627008,104.110406378137,95.7393285102011,101.58930707975,0.88438,0.34687,-0.70937,-0.43438
435.340214067224,-880.129811431854,425.437453859409,-860.109495034357,415.135881200046,-839.282599741096,0.97188,-1.1719,0.003125,-0.99687
492.366380648171,-850.639325476919,481.166449449642,-831.289816069031,469.515447253503,-811.160779719373,0.22188,-1.1094,1.0281,-1.1031
-927.835475866576,-280.779222127937,-906.729957992478,-274.392635517751,-884.774192633592,-267.748215068226,-0.82187,-1.2156,-0.77187,0.70313
445.3514012877,242.670004882785,435.221112310814,237.150215518162,424.682702450318,231.407760135905,0.81563,0.85313,-0.096875,-0.44063
136.003678551948,935.151174761248,132.910125932435,913.879417477473,129.691836986166,891.750363784062,0.028125,1.2344,0.32813,0.040625
581.191996192305,813.644589298575,567.971645426444,795.136864445474,554.218628953881,775.883009466909,0.95313,0.60938,0.24062,1.1469
-313.202860697119,454.959466141362,-306.078450343134,444.610604913056,-298.667094776229,433.844841117625,-0.91562,0.32813,0.46563,0.40937
-852.227628579508,402.578008475216,-832.841928535881,393.420411977577,-812.675346890968,383.89419421799,-0.61562,0.65313,-0.57188,-0.071875
74.8291575267079,-70.4590489488977,73.1268134184008,-68.8564293535014,71.3559088089332,-67.1892573115435,-0.11563,-0.62188,-0.15937,0.34062
659.591271746526,734.164471076518,644.58757452619,717.464674082413,628.979377054477,700.091568236334,0.25313,0.69063,0.77813,0.39063
855.57585220699,-370.358499428737,836.113981721774,-361.933817508603,815.868161176646,-353.170050353534,0.071875,0.090625,1.0906,-0.68437
-598.240092340102,799.670111764745,-584.631827312806,781.479960886693,-570.475466087668,762.557054160327,-0.95938,0.58438,-0.028125,0.81563
-944.263355277881,133.220563375166,-922.784120091104,130.190011945995,-900.439637031947,127.037797240617,-1.0156,0.33437,-0.44688,-0.009375
-30.8003245172094,-902.751206209556,-30.0997946087442,-882.216436098059,-29.3709325107458,-860.854120538853,0.034375,-0.95938,-0.12813,-0.17188
-179.414179668227,949.594749112588,-175.333023578593,927.994369286338,-171.087576794938,905.523600915724,-0.040625,1.2031,-0.44063,0.56562
-832.910966965829,555.675537701039,-813.964653970601,543.035437181434,-794.255176859568,529.886362258096,-1.0406,0.90938,-0.52812,0.10312
-844.340545980329,-148.234471760441,-825.134299091468,-144.862901780083,-805.154332074626,-141.355038927892,-0.14687,0.24063,-0.91562,-0.61563
-624.766517462007,-771.76819969601,-610.554974866586,-754.213043677976,-595.770845934198,-735.95012764673,-0.64063,-0.82813,-0.84688,-1.0344
-223.166246640274,745.455504649136,-218.089870926275,728.498699349164,-212.809090302275,710.858659806183,-0.39063,0.74063,0.028125,0.20313
-690.10825294803,-500.15470318416,-674.410404916089,-488.777915752955,-658.08012191524,-476.942316635285,0.10312,-1.0281,-1.0656,0.43437
872.543337971217,-482.431005661351,852.695508687337,-471.456981134996,832.048193547667,-460.041149700693,0.74063,-1.1344,1.0656,0.19063
-853.603576173112,209.706022827516,-834.186602556567,204.935675251587,-813.987468211201,199.973508937841,-0.20938,0.27813,-0.89688,0.053125
35.1902045696153,-940.431185389989,34.3896285178997,-919.039287345797,33.5569182523712,-896.785333139092,0.82187,-1.1969,-0.87187,-0.078125
918.917288996651,291.305187725025,898.014631498792,284.679169737024,876.269900972319,277.78567269903,0.78438,0.94688,0.60312,-0.44688
-281.500558697656,-575.609456211316,-275.097340937598,-562.516298024824,-268.436104085373,-548.895363789524,-0.90312,-0.63438,0.49687,-0.18437
451.010897695842,207.657309466732,440.751826526601,202.934023260151,430.079452918427,198.02016243842,0.95937,-0.18437,-0.31562,0.70937
-856.92134313364,510.425844933363,-837.428845428446,498.815054403376,-817.151178568098,486.736787245939,-0.33438,-0.30312,-1.0531,1.2469
-768.796361060939,-437.736643180943,-751.308556662808,-427.779715224818,-733.1162232731,-417.421152117124,0.17188,0.003125,-1.2219,-0.60313
-268.112010540003,933.483771675398,-262.013228293057,912.249837233876,-255.668875008662,890.160330773388,-0.24687,0.70937,-0.27813,0.75312
-171.227894079985,159.288961136504,-167.332761535721,155.665492457047,-163.280746803778,151.896089649912,-0.57813,0.89063,0.74687,-0.90938
252.098133301302,-925.247968749514,246.363606396192,-904.201390066654,240.398183020286,-882.306775196953,0.55937,-0.35312,-0.10312,-1.1156
144.67562269798,-636.421737294153,141.384617936488,-621.945183098194,137.961118040235,-606.885306911568,1.1344,-0.74687,-1.0156,-0.13438
-156.071892052824,29.0679832338859,-152.521649934137,28.4065490697432,-148.828397475488,27.7185448144767,-0.84063,-0.43437,0.80313,0.14063
616.149512958096,-410.160629119649,602.133927609653,-400.830678163253,587.553792315334,-391.125040796642,0.32187,0.034375,0.44687,-0.67812
-179.426329998171,-934.163157629931,-175.345018691751,-912.913902673191,-171.099183102637,-890.808229038108,-0.38438,-1.0719,-0.071875,-0.87813
-634.927482433095,45.2176581335595,-620.484836797944,44.1890063700798,-605.460390156745,43.1192135041587,-0.97812,-0.24687,0.12187,0.44063
431.391468343979,186.961652554994,421.578743729786,182.709031124715,411.370696924309,178.284816229279,0.63438,0.68437,0.10312,-0.37187
-698.524134841628,-293.069809968811,-682.634825948969,-286.403628706466,-666.105401398601,-279.468459912341,-1.2469,-0.47187,0.35938,0.009375
-335.228862240911,703.743494464229,-327.603375361102,687.735488010402,-319.670789493201,671.082539476039,-0.83438,0.40312,0.39063,0.52188
-935.753762589868,-191.933731666477,-914.468116997207,-187.568116382967,-892.32498745283,-183.026105314393,-0.69688,-0.60938,-0.77812,0.22188
168.859117753232,-920.977323108378,165.018078153808,-900.027903820747,161.022416594622,-878.234323789838,-0.36563,-1.2469,0.78437,-0.003125
-507.53149283795,845.196271551981,-495.986604962172,825.970540883317,-483.976747558257,805.970284312246,-0.065625,0.54688,-0.75937,0.72187
28.8135190381532,-77.2727225307175,28.1581272314516,-75.515264307185,27.4763416950304,-73.6869853082336,0.26563,-1.0094,-0.18437,0.47813
-823.669261326604,-565.53456596629,-804.933246817215,-552.670631268335,-785.442401507139,-539.287883814698,-0.77813,-0.51563,-0.65938,-0.45938
-347.067240049049,921.908023883589,-339.172447474695,900.937388264612,-330.95973216208,879.121831629262,-0.19063,0.99063,-0.55312,0.87812
-871.430024326892,478.650512869117,-851.607520909041,467.76248731118,-830.986551886166,456.436115593926,-0.65938,0.61563,-1.2156,0.35938
-148.26301175949,-566.960136131604,-144.890500432219,-554.063718109468,-141.382062786982,-540.647506371701,-1.2281,-1.0219,1.0781,0.18437
-455.164904476102,-814.148272970546,-444.81129398413,-795.629070394245,-434.040504252472,-776.363333971932,-0.68438,0.021875,0.090625,-1.1844
-730.887143396791,-84.5473976959191,-714.261676533125,-82.6243589095671,-696.966463127299,-80.6234622568563,-0.89063,-0.90937,-0.046875,0.89688
58.7794746491921,-952.133720676175,57.4423735446037,-930.475623568245,56.0515238519017,-907.944753880902,0.078125,-0.68438,0.096875,-0.96562
-529.196982136676,835.413119430824,-517.159257484667,816.409942478354,-504.636706348203,796.64122313261,-0.94062,1.1906,-0.34062,0.90937
99.3307868722351,-866.128853541906,97.0712367159679,-846.42710880573,94.7207680211078,-825.931448481562,0.45313,-0.67188,-0.35312,-0.40312
924.825814739027,-315.719405374988,903.788719996123,-308.537562365227,881.904213177198,-301.06675443971,0.77187,-0.47813,1.1969,-0.20313
-4.9629365680876,-147.772358891293,-4.85002686062097,-144.41098578498,-4.73255190596516,-140.914151170118,0.059375,-0.87812,-0.015625,0.77188
863.782355146533,-500.098988325319,844.133804317518,-488.723090666844,823.693802836666,-476.889179628563,1.1656,-0.19687,0.65938,-0.89688
-40.5657142744383,-47.329751267269,-39.6431393494181,-46.253173258876,-38.6833865537188,-45.1331893784939,-0.80313,-0.32188,0.47187,0.24687
572.946302929415,804.285345578604,559.913528869387,785.99051815471,546.355642949788,766.958141301419,0.67188,0.95937,0.77188,1.0906
-660.379161402218,725.300216357494,-645.357430003656,708.801718619576,-629.730659695909,691.63867059664,-0.44063,0.73438,-0.54688,0.31562
-925.554488423733,99.4467215568383,-904.50083657519,97.1843552984179,-882.59906889918,94.8312770843414,-0.70937,1.1469,-0.51563,-1.0844
-107.767317994994,160.080877026917,-105.315797435517,156.439760012588,-102.76554417647,152.651951842976,-0.46563,0.10312,0.59688,0.52813
-907.592626636206,-26.3324874736468,-886.947559130752,-25.7338144186432,-865.470825276036,-25.1105632656077,-0.34688,0.39063,-0.80313,-0.60938
839.638604972876,545.824792867721,820.539333140974,533.409203406515,800.670599592441,520.492860379965,0.70313,0.50937,0.87812,0.50937
-426.738720085956,-187.207518949337,-417.031835270597,-182.949323747469,-406.933885470435,-178.519312292927,0.084375,-0.015625,-0.84062,-0.35312
-90.6032447097779,642.802193642883,-88.5421959015939,628.180516674756,-86.3982009767873,612.969640536215,-1.1281,0.80313,1.1344,0.078125
609.686393520836,-792.384839154988,595.817770041978,-774.360401651318,581.390559632013,-755.60989766067,0.69063,-1.0156,0.61562,-0.69688
181.496508859611,-149.364678261033,177.367785089119,-145.966964752364,173.072766817829,-142.432420636544,0.75313,-1.0469,-0.93437,1.0531
933.071682477414,-292.693523250991,911.847012488221,-286.03545450126,889.767363283632,-279.109531343361,0.64687,-0.24062,0.92813,-0.33437
-156.316101753406,113.53006022939,-152.760034563739,110.947623457445,-149.060743604275,108.26119075097,-0.64688,1.2406,1.0844,-1.0219
305.12319942834,-915.822803771998,298.182506233642,-894.99061493266,290.962326854807,-873.319055146469,0.48438,-0.96563,0.18437,-1.1281
52.4846130468398,-95.2649937897985,51.2904556835863,-93.0980464754164,50.0482162683388,-90.8437974258787,-0.22813,-0.45937,-0.21562,0.27812
314.752040631484,919.113729823211,307.592449092629,898.206841186754,300.14433016461,876.457264550137,0.82813,1.0406,-0.11563,1.1031
681.728709349881,-723.169681264522,666.221342532376,-706.719653907549,650.089365769197,-689.607045363094,1.0406,-1.2406,0.55937,-0.45313
47.6052080041366,889.555131465926,46.5223431509927,869.320542957122,45.3957503039517,848.270493922944,0.54063,0.42813,-0.60313,0.66562
-198.558467242971,-927.556748777263,-194.041990060542,-906.45774843488,-189.343456754245,-884.508387251707,0.70937,-0.75312,-1.1906,-0.54063
-72.0796747680504,-620.650730451342,-70.4400354450508,-606.532984167017,-68.7342720643633,-591.846259241622,-1.0344,0.065625,1.1281,-0.94688
-232.686885750366,46.4676236625515,-227.393757011698,45.4104253416979,-221.887415726677,44.3107443288682,-1.1344,-0.22188,1.2344,0.021875
953.204011878099,-70.036666993228,931.521410971296,-68.4433558027925,908.965363860999,-66.7863055364373,1.1594,0.028125,0.73438,-0.31562
666.571426188819,717.447235286739,651.40894158041,701.127713343384,635.635567025904,684.150201237031,-0.17188,-0.12187,1.2031,1.2156
891.224122677011,169.53089532062,870.951402457202,165.674855150458,849.862008672554,161.662977818098,1.1219,0.80937,0.015625,-0.52812
-353.068279985785,-68.0389500558163,-345.037223999751,-66.491333982077,-336.682631707329,-64.8811767282373,0.19063,-0.22813,-0.95937,0.21563
-28.4181982861638,846.44162199913,-27.7717213588194,827.187726707828,-27.0993051234089,807.157929434529,-0.021875,0.86562,-0.040625,0.15937
-121.145955167653,-91.4164030733888,-118.390309118516,-89.336738479598,-115.523641287271,-87.1732152124939,-0.85313,0.096875,0.64688,0.26563
-222.619256222773,-52.8139606263426,-217.555094542283,-51.6126279114256,-212.286933354925,-50.3627737463978,-0.29062,-0.096875,0.49063,0.12187
948.569956243453,-206.610861780703,926.992745335752,-201.910920734873,904.54635387318,-197.02204378297,0.67812,0.059375,0.98438,-0.57188
-144.262059119978,-944.497759494855,-140.980611806139,-923.013408416901,-137.566860193349,-900.663185323513,-1.0031,-0.81563,0.70313,-0.86562
-95.6073420122659,-250.618821843779,-93.4326861945428,-244.918247383302,-91.170392769945,-238.987889576025,-0.62812,-1.2344,0.32188,0.62188
-259.195202291979,-914.68046397298,-253.299375724994,-893.874405623226,-247.165931230828,-872.229756980134,-0.10938,-1.1594,-0.53438,-1.1094
-949.31446742644,22.2869879249825,-927.720334417603,21.7798430666051,-905.25631871109,21.2527304914122,-0.99688,-0.59688,-0.34687,0.79688
872.146455229675,342.701327246834,852.307711955022,334.906187804261,831.669745329654,326.796476336902,0.32813,0.76563,0.88437,-0.25938
63.2743678235439,949.236953306968,61.8351472976577,927.644784690633,60.337832804647,905.182439030771,0.42813,1.1594,-0.25938,0.87188
-558.675920261964,818.987303638415,-545.967645654751,800.357752402798,-532.74752895664,780.977732623846,-0.27188,0.78438,-1.0969,1.2031
944.877599387247,-121.549954315014,923.384401861857,-118.784881543493,901.025389671181,-115.908844534445,1.0531,-0.17813,0.95938,-0.21562
100.226096670618,-945.239868530267,97.9461856965573,-923.738571324722,95.5745465673956,-901.370840733147,0.29688,-0.33438,-0.14063,-1.0656
86.1269342466757,837.095103339085,84.1678081132323,818.053845205959,82.1296611001025,798.245197271368,0.80937,0.29063,-0.82813,0.74063
-941.692880096034,-51.7197437037229,-920.272138605245,-50.5435220967214,-897.988483523698,-49.3194334196871,-0.74063,-0.36563,-1.2406,0.28438
-126.516531296958,-699.177003863607,-123.63870778282,-683.273014027557,-120.644869567157,-666.728032622298,-0.55312,-0.91562,0.40312,0.003125
-524.341383670863,576.777699599326,-512.414168281152,563.657707076703,-500.006548955335,550.00925144791,-0.42188,0.59063,-0.28438,0.15313
-946.992000240858,49.5788171544543,-925.450701661099,48.4507938127819,-903.041645427505,47.2777824450384,-1.0594,0.51563,-0.26563,-0.49062
-492.07326702418,869.282713333755,-480.879994908913,849.509110340761,-469.235918088187,828.938890245391,-0.77188,0.92812,-0.12187,0.67188
-31.9714681578458,97.0308835250664,-31.2441843412731,94.8233951766881,-30.4876153228867,92.5269769140868,-0.071875,-0.078125,0.065625,-0.41563
446.760399279663,-7.97968470726266,436.59805866258,-7.79794020236742,426.026333288236,-7.60909739713841,1.2094,-0.77188,-0.47187,0.99688
837.881064669361,66.1277625948896,818.821761402164,64.6237649561954,798.994669772533,63.0587428777535,1.0219,0.46563,-0.003125,-0.42188
-929.080035594116,-58.1418532075642,-907.946194960549,-56.8194944722176,-885.960995514619,-55.4433870793464,-0.003125,-0.72187,-1.2344,0.78437
-891.821121291975,423.481729445189,-871.53478265553,413.848633753168,-850.431287068893,403.827770610774,-1.1656,0.13438,-0.83437,0.80938
-768.138488539891,-645.099812155004,-750.665625375524,-630.42601054729,-732.488814989935,-615.160493711104,-0.86562,-0.10938,-0.45313,-1.0781
-254.752615128873,-926.434547255741,-248.957840338961,-905.361102505579,-242.929517421667,-883.438292205667,-1.1219,-1.2031,0.65312,-0.27188
-793.302473785179,438.07852459911,-775.257132474627,428.11345865928,-756.484907469712,417.747197708515,-1.2094,-0.49687,0.23438,1.1844
507.227613008974,-854.985042875538,495.689628730704,-835.536655537654,483.686956441316,-815.304765883657,0.30938,-1.1406,0.55312,-0.25313
892.153568546181,361.815273675814,871.859715233335,353.585352998186,850.748309587928,345.023330786766,0.52187,0.98438,0.79688,-0.42813
-60.2844820666694,-275.901406378064,-58.9130408075032,-269.625723376521,-57.4863264730723,-263.097096034766,-0.67813,-0.94062,0.92188,0.30938
-16.6962174624722,951.45637946238,-16.3164184183098,929.813705013538,-15.9214328419153,907.298856799497,0.74687,1.0719,-0.97813,0.94062
-411.455008607182,903.094222382139,-402.095567104149,882.551533188652,-392.359200181877,861.181189287202,-1.1906,0.94063,0.44063,0.74687
-47.3966213367267,24.4723881168456,-46.3186963770568,23.9155416801489,-45.1973428671654,23.3362850364043,-1.1031,-0.34062,0.69063,0.071875
672.556919763903,675.95315163458,657.258274512686,660.577506081251,641.343264440956,644.581901232832,0.34687,0.28438,0.57187,0.65938
514.610805849598,778.239401886428,502.904987547854,760.537020126873,490.727521586499,742.120993645339,0.39687,0.40938,0.29688,0.64688
-869.325217216691,-486.292850837344,-849.55065713224,-475.231429711547,-828.979445941513,-463.72381321153,-0.49687,-0.73438,-1.1781,-0.14063
-694.766215314598,724.496412019377,-678.962271075627,708.016199913815,-662.521774289859,690.872190839523,-0.54063,0.45313,-0.76563,0.92813
-859.831342323387,-163.822940355719,-840.272727593222,-160.09674465906,-819.92619871508,-156.219959421833,-0.72187,-0.27188,-0.35938,-0.028125
45.7126095133808,916.395719360554,44.6729056241819,895.550576507183,43.591204487441,873.865370227282,-0.17813,0.053125,0.38438,1.1281
191.954368218019,927.951528963702,187.588059521867,906.843558294015,183.045746399404,884.884864963415,1.0156,0.49062,-0.70313,0.79062
-559.599565767221,-828.870703215314,-546.870393695006,-810.016617505739,-533.628340211156,-790.402452293091,-0.096875,-0.80938,-1.1094,-0.92188
910.94729430404,-327.78954708782,890.225902203085,-320.333151797908,868.669819012851,-312.576721454034,1.1281,-0.15937,1.1781,-0.65313
-940.057587089344,113.674403601672,-918.674022465043,111.088409975772,-896.429066071161,108.398668827077,-0.59688,1.0531,-0.72813,-0.93437
526.308637130864,528.091459617261,514.336792488781,516.079167489985,501.882608119018,503.582531539881,-0.37813,0.55937,1.1844,0.059375
-90.6260913902893,266.033782699614,-88.5644737953968,259.982055274018,-86.4198433634089,253.686503128847,-0.19687,0.84688,0.31562,-1.0594
149.018709758034,57.8010599445013,145.628953804753,56.4861467760462,142.10263966438,55.1181767359348,0.72813,-0.13437,-0.64063,-0.084375
-180.062032590335,941.724907681566,-175.966125636075,920.303553506469,-171.705334236248,898.019025142374,-0.52813,0.75937,0.078125,1.2219
-167.026049500753,-99.8166620111324,-163.226611742876,-97.5458754763793,-159.274108989701,-95.183508263388,-0.55937,-0.003125,0.58438,0.46563
132.488182427207,-212.226628399229,129.474258651722,-207.398755846356,126.338955716484,-202.376404829281,0.40938,-0.56562,-0.61563,0.97188
137.504818198024,-890.531423391548,134.376925788336,-870.274577135235,131.123139238765,-849.201468333155,1.1531,-1.1156,-0.98438,-0.021875
-515.020743428928,-816.436728888909,-503.305595780372,-797.865475045105,-491.118415575821,-778.545557959414,-0.87188,-0.64063,0.15313,-0.55312
-932.247507522776,150.357449934143,-911.041599405895,146.937053045804,-888.981459669398,143.379280024653,-0.63438,1.0156,-0.69063,-0.79063
77.0959051093283,-225.309154966207,75.3419092867917,-220.183853701603,73.5172945705681,-214.852053702359,0.015625,-1.0344,-0.42188,1.1719
271.32028827583,-338.370924411622,265.148713044225,-330.674044398322,258.728555751519,-322.667118509983,-0.51563,-1.1781,1.1656,0.69688
-815.486376833743,540.986446139868,-796.936392928684,528.680514509658,-777.639220236656,515.879065190077,-0.69063,-0.26563,-0.43438,1.1406
901.636526749998,-410.554497844911,881.126910170395,-401.215441298354,859.791140297799,-391.500475047537,0.49062,-1.1219,1.1219,0.41562
-921.983397494989,-154.535817566862,-901.010976763171,-151.020923179904,-879.193691248106,-147.363925113827,-1.0531,0.37813,-0.19063,-0.78438
-653.681242830636,-761.357026636393,-638.811983841807,-744.03868586428,-623.34364436636,-726.022105506697,-0.14063,-0.94687,-1.2094,-0.53438
25.2824698227291,102.088577600748,24.7074525467068,99.7664499768465,24.1092557911469,97.3507281078373,0.58438,1.2469,-0.42813,-1.0469
-22.040272071806,-870.206975181449,-21.5390676419433,-850.412488705574,-21.0175638536335,-829.820291393254,0.65938,0.009375,-0.89063,-1.0969
-219.489411663105,30.7855145082785,-214.496419831732,30.085335941417,-209.302305675747,29.3570433194953,-0.97188,0.87813,1.2156,-0.57813
49.0401379591743,216.746613807265,47.9247572218542,211.815969213022,46.7644134948534,206.686612777097,0.33437,0.41563,-0.084375,-0.82813
645.94262732646,760.825844760827,631.24938117012,743.519594476818,615.964144467521,725.515595911782,0.92188,0.84062,0.14063,0.44687
-911.915479141376,383.374195489277,-891.17204298105,374.653422650375,-869.593035777389,365.581661852146,-1.1406,-0.25312,-0.59688,1.0469
372.347565201847,-668.791131092066,363.877805940603,-653.578134274614,355.066931316852,-637.752255381595,-0.35312,-0.41562,0.99688,-0.37813
-916.953140600723,-270.742179202136,-896.095178236986,-264.583916021843,-874.396942644789,-258.177025542053,-1.2219,0.30313,-1.0031,-0.98438
651.464747607935,742.984116309467,636.645907583383,726.083722838666,621.230012601134,708.501934265793,0.79063,1.0906,0.85313,0.76563
-663.902058747496,715.39125250687,-648.800191707092,699.118151103784,-633.090049755206,682.189593971015,-0.81563,1.1094,-0.15313,-0.090625
557.891711995015,833.095950420593,545.201390195871,814.145747426664,531.999756718948,794.431588056378,0.065625,1.0781,1.0594,0.49687
-28.6401433475082,965.632126698856,-27.9886002239377,943.666987682189,-27.3109286212816,920.816681959755,-0.16563,1.0469,0.10938,0.47187
885.245788644219,436.813685352005,865.109084263734,426.877780153548,844.161146823034,416.541021361293,1.1156,1.1969,0.97812,-0.22812
-238.74880468144,-624.727908674489,-233.318109450443,-610.517415031504,-227.668564228814,-595.734137793959,-0.12187,-1.1656,-0.32813,0.35312
-49.2888259855504,-98.0542880997008,-48.1679178355095,-95.823972060316,-47.0018329156733,-93.5037476517971,-0.31562,-0.57813,-0.20313,0.29688
5.35177273193128,-201.169631435659,5.23019011258138,-196.593856538234,5.10372741488838,-191.833675892888,0.040625,-0.61562,0.26563,0.046875
936.433699059086,160.241056238266,915.132599969139,156.596349519472,892.973392674813,152.804299581341,1.0844,1.1656,1.0344,-0.75937
-627.010969175309,734.329312222513,-612.74828804613,717.625424497738,-597.911139167892,700.248696473962,-0.009375,0.95313,-0.94063,0.015625
56.9174516742252,946.529579802725,55.6227662922329,924.998982599555,54.2758116906141,902.600694373816,1.1031,0.57813,-1.1594,0.68438
-676.321456971031,-730.239299505106,-660.937183324751,-713.628803541575,-644.933082209743,-696.348581039127,-0.87812,-0.92813,-0.19687,-0.24063
-44.4041393596283,-76.9831641092252,-43.3940170736247,-75.2323090100468,-42.3431967364367,-73.4108634787844,-0.18437,-1.1531,0.24687,0.62812
299.155304993611,-601.610174910732,292.350478391244,-587.925386231499,285.271597734921,-573.689256565853,-0.47813,-1.2281,1.0531,0.48438
-498.591714416319,861.638137025324,-487.250162267792,842.038417207821,-475.45183175267,821.649097496128,-0.34062,0.32187,-0.49687,1.1531
-21.5141196116827,155.160674202725,-21.0247974194999,151.631167488527,-20.5157791896995,147.959439247545,-0.27812,0.49687,0.13437,-0.49687
-88.8529848575795,51.3319264366539,-86.8320406224201,50.1644645946279,-84.7296839089501,48.9499905757544,-1.1781,0.79063,0.74063,-0.39063
346.633845642705,-683.90773132607,338.74893682371,-668.350928372391,330.546473403071,-652.167367563281,0.84062,-0.58438,-0.37187,-0.32187
-461.308080441479,-884.213451000333,-450.814764231747,-864.100461497952,-439.898632042034,-843.176703563438,0.090625,-0.54688,-1.0281,-1.1531
-661.551553659248,725.697354150848,-646.503148569447,709.189827681317,-630.848625823509,692.01738920497,-0.85938,0.77812,-0.10938,0.30312
-868.801663101122,179.293093553399,-849.03897612869,175.21454102563,-828.48019519588,170.972055444951,0.046875,0.15313,-1.1844,0.14687
-93.4430312572904,476.052790897508,-91.3174505520325,465.224201538835,-89.106301049002,453.959269941913,-0.60312,1.1219,0.50313,-0.34062
125.823022011212,-206.528519098553,122.960759236761,-201.830830489792,119.98322525943,-196.943882975894,0.83437,-0.40312,-0.99063,-0.22188
-808.217287625224,-555.414868801096,-789.832760585609,-542.781118666858,-770.707568212733,-529.637836931412,-0.49063,-0.69688,-0.74687,-0.10938
-594.977603091015,-797.680223783843,-581.4436614751,-779.535641443351,-567.36442717453,-760.659551274698,-1.0656,-0.87188,0.11563,-0.47187
672.986580596173,-744.301752903895,657.678056295034,-727.371038338475,641.752939495868,-709.758357540547,0.86562,-0.70313,0.35312,-0.69063
12.3620852903243,-418.170320994545,12.0808088842646,-408.658423827442,11.7882544459094,-398.763205462397,0.18437,0.16562,-0.27188,-0.95937
931.40924139801,-301.566987095489,910.222374587931,-294.7070866181,888.182059842055,-287.571197175665,1.1406,0.30938,0.30312,-0.91562
584.886154437963,782.744247526107,571.581783258837,764.939420165677,557.741369521937,746.416785487609,0.73438,1.0844,0.90937,1.1219
-3.29650760406637,-539.70255897651,-3.2214745995022,-527.426133184698,-3.14335701463082,-514.654973616219,-0.40312,-0.76563,0.56562,-0.040625
-595.062579393286,806.292933407963,-581.526595344824,787.952130044463,-567.44543306539,768.872503072458,-0.93438,0.96562,-0.24687,0.67813
403.671172534814,575.774626446907,394.488958605865,562.677703872724,384.9367791141,549.052778739212,0.40312,1.2219,0.20938,-0.48438
429.951154286312,-366.256057974612,420.171053862804,-357.924910099055,409.997016135635,-349.258229943115,1.1844,0.54063,-0.63438,-1.2344
-255.514280266849,-556.50498492272,-249.702182000114,-543.846396779924,-243.65588123564,-530.677547381807,-1.0281,-1.0594,0.63438,0.25937
-61.01860927211,-546.896323538857,-59.6307378447788,-534.456265235289,-58.1868879285016,-521.514851169667,0.096875,-0.44063,-0.33437,-0.36562
-922.495027004294,239.591508796218,-901.5109673902,234.141350850476,-879.681616965713,228.472011516518,-1.0469,0.24687,-1.1031,0.33438
73.5713758294386,-183.792621002696,71.8978152518935,-179.61176073171,70.1568605834197,-175.262456945642,0.50312,-0.85938,-0.45938,0.92188
-568.481095674419,-819.870080827182,-555.549876376286,-801.22073745397,-542.097642480528,-781.819556888533,-0.48438,-0.44687,-0.46563,-0.97813
193.176257100178,-6.96413723277589,188.781966453014,-6.80571692926412,184.210661073676,-6.64100660493524,1.2031,-0.27812,-1.2031,0.19687
-491.914307211708,170.243414883058,-480.724830878421,166.370836976683,-469.084614697085,162.34243923611,0.009375,0.11563,-0.81563,0.17188
770.986303167946,-638.633873136683,753.448595429797,-624.106734784484,735.204478267996,-608.994544784985,0.47187,-1.1281,0.95313,0.034375
633.877633034088,-691.108572937082,619.458749586884,-675.387844895623,604.459097549143,-659.033899373262,0.44063,-0.77813,0.42813,-0.12813
-96.1610810525206,928.204166927104,-93.9736518316228,907.09040267059,-91.6982175162097,885.125817738889,-1.1719,1.2094,0.93438,1.1906
-897.187647481317,118.244220792853,-876.779260162024,115.554284749407,-855.548763718469,112.756390935091,-0.58438,0.89688,-0.55937,-0.79688
962.395542415293,38.4640885767038,940.503860531818,37.5894228343031,917.730295957488,36.6790317014887,0.44688,0.015625,1.0031,0.10938
-829.280377385313,-15.5701627160876,-810.416716331765,-15.2161657526494,-790.793154698583,-14.8474930836995,-0.30938,-0.20313,-0.71562,0.27188
914.397823696679,-344.271508274196,893.597912375403,-336.440219218245,871.960144895884,-328.293786928092,0.20313,0.47812,1.1469,-1.1406
7.58401811031097,-31.1609440150524,7.41131749072949,-30.4518557678406,7.23167126873373,-29.7142070781479,-0.13437,0.12187,-0.17812,0.32813
-858.262326407901,504.873117107137,-838.739344753329,493.388622700996,-818.429969611414,481.441733968126,-1.1969,0.21562,-0.67188,0.90312
255.403994840988,451.876609568481,249.594488836845,441.597960519578,243.550895902445,430.904963060449,-0.25937,0.90312,0.84063,-0.28438
398.745968030542,-871.935604762355,389.675626406717,-852.101678245789,380.24000472482,-831.46866175387,0.90938,-1.0906,-0.30938,-0.16562
-675.164800053903,-453.087983407533,-659.806816134942,-442.781896052737,-643.830102883323,-432.060148562635,-0.84687,0.29688,0.053125,-1.0031
-79.1977724438274,-248.071312927169,-77.396177253891,-242.428710422604,-75.5219804788696,-236.558666836425,-0.57187,-0.82187,0.66562,0.16563
640.451772326471,733.780480741926,625.883448488732,717.08944519518,610.728161936513,699.725458764226,0.99063,1.1344,0.86562,0.97812
463.381687360517,-247.238493249972,452.841179616908,-241.614620566996,441.876083346575,-235.764333705742,0.87813,0.18437,-0.24063,-0.74687
166.708948470202,144.961820346047,162.916476450041,141.664391023488,158.971224909938,138.233996814371,0.56563,1.0344,-1.0219,-0.99063
84.030582346148,159.481129132375,82.1188877177862,155.853186712551,80.1301741523423,152.07901135393,0.19687,0.43438,-0.59063,-0.77187
478.693325242824,-565.078103259234,467.804506801347,-552.224238833974,456.477108044153,-538.85261199006,-0.034375,-1.0844,0.75937,0.40312
956.051241381509,-120.07686722722,934.303867235612,-117.345260391034,911.680442112737,-114.504047212756,0.62188,-0.85313,1.0969,0.61562
-442.124045081515,820.564876276704,-432.066980659433,801.899473967229,-421.604881085915,782.48208985708,-0.80938,0.82187,0.19687,0.29062
-274.070813788598,12.5823858684885,-267.836133195383,12.2959840207274,-261.350311464756,11.9981811738743,-0.70313,-0.090625,1.1094,-0.096875
681.087411656925,66.1783697130493,665.594759129072,64.673156087293,649.477991631815,63.1069485980579,0.64063,0.47187,0.25937,-0.47812
663.178667604665,-541.085372812656,648.093315010287,-528.777191500355,632.400330859299,-515.973328318167,-0.25312,-0.95313,1.1906,0.32188
825.12464467908,566.244477119432,806.35552930304,553.36439481089,786.830253353991,539.964847661936,0.99687,1.0094,0.70937,0.12813
-894.550139295264,-211.724453873939,-874.20177054601,-206.908637911048,-853.033661228806,-201.898306275669,-0.41562,-0.70937,-0.79063,0.37188
8.4255240998622,190.579924688988,8.23414261615608,186.244653556715,8.03501750765832,181.73467759806,0.39063,0.81563,0.071875,-0.94063
-97.5931286022289,-89.0549883012215,-95.3731456230925,-87.0293179850407,-93.0637237173426,-84.9219657637248,-0.40937,-0.55312,0.37813,0.42813
800.624014192254,602.49207991866,782.412215439912,588.787468616635,763.466699199116,574.530173646447,0.57188,0.66562,0.97188,0.45937
-78.2164867470439,956.594983821363,-76.4372363369521,934.835400391317,-74.586427524844,912.198962445522,-0.44687,0.74687,0.27812,1.0844
664.241820108932,745.991104014211,649.132338098678,729.022298967676,633.414093573339,711.369337246602,0.22812,0.72188,1.2469,0.86562
-309.415151801855,-920.929307687549,-302.376970347589,-899.981111481301,-295.055150451623,-878.188570405237,0.24063,-1.1844,-0.95313,-0.80313
159.214243249276,944.09820283889,155.592664946496,922.622936279188,151.825082911261,900.282162498066,0.75937,0.25313,-0.50312,1.1344
-423.658239064074,-815.527004994471,-414.021331380354,-796.976424889643,-403.996113458856,-777.678064214588,-0.56562,-0.35938,-0.009375,-0.75313
-940.311161488156,184.62470543946,-918.921827148745,180.424857460105,-896.670871903503,176.056225071177,-0.76563,1.1156,-0.94688,-0.72813
-939.870627622145,-224.491507762306,-918.491339212241,-219.38532694787,-896.250780528676,-214.072904696336,-1.0969,0.65938,-0.68437,-1.2281
-460.701909498705,-877.888194687281,-450.222381825042,-857.91907676154,-439.320591524577,-837.144989074315,0.003125,-0.89688,-0.80937,-0.50937
917.525208933512,-264.622008450494,896.654171572395,-258.602502653361,874.94240063746,-252.340868379129,0.79688,0.071875,0.47813,-0.59063
-320.589969895672,921.483695148365,-313.297464270393,900.522713667759,-305.71130107116,878.717177378398,-0.21563,1.2281,-0.37813,0.17813
962.206806729522,-60.6801981907542,940.319409340593,-59.2997098241629,917.550316395087,-57.8640648827049,0.77812,0.046875,0.75312,-0.27813
141.173173625014,-944.975158573298,137.961881833115,-923.479876202363,134.621339971336,-901.118417607142,0.21562,-0.78437,0.14687,-0.77812
-790.776299549474,-616.029821390544,-772.788509195499,-602.017265531477,-754.076031208152,-587.439624379496,-0.89688,-0.88437,-0.66562,-0.29688
425.453445918597,-52.6129515861071,415.775758886069,-51.4162360807441,405.708217766841,-50.1714975822889,0.17812,0.45938,0.51563,-0.85313
-802.344025401367,561.459898292653,-784.09303464692,548.688239848802,-765.106890695107,535.402294534268,-1.0906,0.64687,-1.1406,0.88437
245.96789886788,-934.040640729379,240.372826469791,-912.79405548493,234.552476076961,-890.691373717493,0.30313,-0.79688,0.21563,-0.87187
386.711639441421,435.853731294235,377.915253175459,425.939563877468,368.764456701732,415.625675413065,-0.50313,0.12813,1.2094,0.45313
-248.168331209682,291.750324617464,-242.523319460905,285.114029092718,-236.650934606882,278.210411124746,-0.15937,-0.040625,-0.29688,0.69063
912.575982117749,-137.247142376011,891.817538506642,-134.125051475308,870.222881801326,-130.877591151436,1.0031,0.79688,0.16563,-1.1969
946.662728450532,75.6748137506735,925.128927564565,73.9536484183727,902.727653934759,72.1626545512393,0.20938,0.87187,1.0719,-0.89063
-619.473167151571,-757.91132769302,-605.382037110012,-740.671384727514,-590.723172118069,-722.736378815466,-1.0844,-0.97812,-0.60938,-1.1344
942.57997546732,-164.282991483339,921.139036988473,-160.545858391027,898.834396974888,-156.658589087083,1.0969,-1.2219,0.87188,0.82187
-341.840142150554,-630.315661534975,-334.064399093684,-615.978090938936,-325.975340471101,-601.062556548591,0.27813,0.23438,-0.82187,-1.0906
948.627927435744,-177.756833651885,927.049406557478,-173.713212217588,904.601641416996,-169.507105348153,0.69688,-0.79062,0.99063,0.39687
127.191946723321,-919.913838466478,124.298653365825,-898.988626133479,121.288918701277,-877.220213009718,0.72188,-1.1031,-0.52187,-0.12187
939.523093571503,-126.161633199838,918.151684330593,-123.291595419225,895.919370295077,-120.306362766093,0.36562,-0.93438,0.91562,0.80313
-176.809650832404,-906.501972487014,-172.787834079842,-885.881921006882,-168.603890931597,-864.430813561666,-1.0781,-0.83438,0.80938,-0.35938
-392.641421304025,-907.868051817295,-383.710077317044,-887.216966669361,-374.418832654703,-865.733472597345,0.021875,-0.46563,-0.78438,-1.1656
-209.379303030162,106.763541545071,-204.616170687258,104.334955364318,-199.661190349985,101.808602119343,-0.72812,0.83437,1.1719,-0.71562
-41.9644825649664,933.690927922726,-41.0099194476836,912.452344250671,-40.0170132080176,890.357884723139,0.38438,0.63438,-0.62188,0.57187
598.74753138944,151.147522028377,585.127900522508,147.709576464474,570.959596705113,144.13278682155,0.13438,0.14688,0.72812,0.090625
-127.072354591808,938.679154952862,-124.181798331265,917.327098086091,-121.174910142095,895.114636994156,-1.1594,1.1781,0.82813,0.96563
652.691006040629,745.876288911441,637.844249930092,728.910100361481,622.399319852136,711.259863974929,0.94688,0.55312,0.040625,0.64063
670.904996277878,-689.746721724766,655.643856231616,-674.056982849133,639.768024828644,-657.735295700715,1.0781,-1.1906,1.0469,-0.97188
-680.278674022899,728.51870769424,-664.804284303396,711.947008461661,-648.706619383144,694.70782329665,-0.50937,0.44063,-1.0094,1.2094
-934.645473190923,156.417245070647,-913.385025401634,152.859056728459,-891.268148021678,149.157936637285,-1.1094,-0.16563,-0.92188,0.63438
792.182329491511,-595.2463569564,774.162474074535,-581.706168036288,755.416784601481,-567.620711720067,0.98438,-0.28438,0.94062,-1.2031
